prompt,base,finetuned
Giải thích khái niệm machine learning cho người mới bắt đầu.,"Machine learning là một phân khúc của trí tuệ nhân tạo, nó tập trung vào việc thiết lập các mô hình máy móc để học tập từ dữ liệu và từ đó có thể dự đoán hoặc hành động. Nhìn vào khía cạnh đơn giản, nó có nghĩa là máy tính học tập từ dữ liệu. Mô hình học được từ dữ liệu này có thể thực hiện các tác ",Machine learning là một bộ môn công nghệ máy tính dựa trên việc học tập và cải thiện các dự đoán dựa trên dữ liệu mà không có sự hướng dẫn trực tiếp từ người dùng. Nó là một phần của AI (trí tuệ nhân tạo) và sử dụng thuật toán và các mô hình học máy để học từ dữ liệu và từ đó đưa ra các dự đoán hoặc
Viết đoạn code Python tính số Fibonacci thứ n.,"Để tính số Fibonacci thứ n, bạn có thể sử dụng hàm đệ quy hoặc vòng lặp. Đây là một đoạn mã Python cho phép bạn tính số Fibonacci thứ n:

```python
def fibonacci(n):
    if n <= 0:
        return ""N phải là một số dương""
    elif n == 1:
        return 0
    elif n == 2:
        return 1
    else:
 ","Để tính số Fibonacci thứ n, bạn có thể viết một đoạn code Python như sau:

```python
def fibonacci(n):
    if n < 0:
        raise ValueError(""Input phải là một số nguyên dương."")
    elif n == 0:
        return 0
    elif n == 1:
        return 1
    else:
        a, b = 0, 1
        for _ in range"
Liệt kê 5 nguyên tắc thiết kế UI/UX.,"1. Thân thiện với người dùng: Mục đích của thiết kế UI/UX là cung cấp trải nghiệm người dùng thân thiện, dễ sử dụng và thân thiện. Điều này có thể được thể hiện thông qua việc sắp xếp bố cục, màu sắc, font chữ, hình ảnh và các yếu tố khác để đảm bảo người dùng có thể dễ dàng sử dụng sản phẩm. 2. Tru",1. Chuyển đổi: UI/UX thiết kế phải hướng tới việc giúp người dùng thực hiện hành động. 2. Thích ứng: UI/UX thiết kế phải thích ứng với nhiều loại thiết bị và kích thước màn hình. 3. Đơn giản: UI/UX thiết kế phải dễ dàng sử dụng và dễ hiểu. 4. Tương thích: UI/UX thiết kế phải dễ dàng tương thích với 
Tóm tắt sự khác biệt giữa LoRA và QLoRA.,LoRA (Low-Rank Adaptation) và QLoRA (Quantized LoRA) là hai phương pháp cải thiện hiệu năng của mô hình NLU (NLP) bằng cách sử dụng các phép biến đổi thấp độ phức tạp. LoRA là phương pháp cải thiện hiệu năng của mô hình bằng cách thay đổi các phép biến đổi trong mô hình bằng các phép biến đổi nhỏ hơ,LoRA (Layer-wise Adaptive Regularization Optimization) và QLoRA (Quantized LoRA) là hai phương pháp regularization được phát triển để cải thiện hiệu quả và độ ổn định của các mạng neural network trong các mô hình có số lượng các layer lớn. LoRA là một kỹ thuật regularization được sử dụng để cải thiệ
"Phân biệt prompt engineering, RAG, và fine-tuning.","Prompt engineering, RAG (retrieval augmented generation), và fine-tuning là ba cách khác nhau để cải thiện hiệu suất của mô hình máy học. Prompt engineering là một kỹ thuật để cải thiện hiệu suất của mô hình bằng cách cung cấp cho nó một câu hỏi hoặc câu lệnh để dựa vào, thay vì cung cấp dữ liệu đầu","Prompt engineering, RAG và fine-tuning là ba kỹ thuật khác nhau được sử dụng trong lĩnh vực AI và tự động hóa. Prompt engineering là một kỹ thuật tập trung vào việc xây dựng câu lệnh (prompt) để giúp hệ thống AI giải quyết các vấn đề và thực hiện các tác vụ. Prompt được sử dụng để cung cấp cho hệ th"
